{
  "IcoMoonType": "selection",
  "icons": [
    {
      "icon": {
        "paths": [
          "M640 0.16c-212.064 0-384 171.936-384 384 0 64.832 16.224 125.856 44.64 179.456l-267.008 266.944 0.224 0.192c-20.864 20.512-33.856 48.928-33.856 80.512 0 62.368 50.56 112.928 112.928 112.928 31.52 0 59.968-12.992 80.48-33.888l-0.064-0.064 266.912-266.88c53.632 28.512 114.752 44.8 179.744 44.8 212.064 0 384-171.936 384-384s-171.936-384-384-384zM153.44 950.304c-10.304 10.688-24.576 17.376-40.512 17.376-31.2 0-56.48-25.248-56.48-56.448 0-15.936 6.72-30.176 17.376-40.512l-0.288-0.256 258.112-258.112c22.56 30.432 49.44 57.312 79.808 79.936l-258.016 258.016zM640 704.192c-176.704 0-320-143.328-320-320 0-176.704 143.296-320 320-320 176.672 0 320 143.296 320 320 0 176.672-143.328 320-320 320zM640 160.16c8.8 0 16 7.168 16 16s-7.2 16-16 16c-106.048 0-192 85.984-192 192 0 8.832-7.168 16-16 16s-16-7.168-16-16c0-123.712 100.256-224 224-224z"
        ],
        "attrs": [
          {}
        ],
        "isMulticolor": false,
        "isMulticolor2": false,
        "tags": [
          "search",
          "magnifier",
          "lookup",
          "find"
        ],
        "grid": 32
      },
      "attrs": [
        {}
      ],
      "properties": {
        "order": 1,
        "id": 0,
        "prevSize": 32,
        "name": "search"
      },
      "setIdx": 0,
      "setId": 4,
      "iconIdx": 0
    }
  ],
  "height": 1024,
  "preferences": {
    "showGlyphs": true,
    "showQuickUse": true,
    "showQuickUse2": true,
    "showSVGs": true,
    "fontPref": {
      "prefix": "icon-",
      "metadata": {
        "fontFamily": "icomoon"
      },
      "metrics": {
        "emSize": 1024,
        "baseline": 6.25,
        "whitespace": 50
      },
      "embed": false
    },
    "imagePref": {
      "prefix": "icon-",
      "png": true,
      "useClassSelector": true,
      "color": 0,
      "bgColor": 16777215,
      "classSelector": ".icon"
    },
    "historySize": 50,
    "showCodes": true,
    "gridSize": 16
  }
}